cost_pct,guarded_pnl,unguarded_pnl,blocked_loss
0,9.108509,9.158509,-15106.179063
0.05,8.033509,8.058509,-15106.179063
0.1,6.958509,6.958509,-15106.179063
0.25,3.733509,3.658509,-15106.179063
0.5,-1.641491,-1.841491,-15106.179063
1,-12.391491,-12.841491,-15106.179063
