cost_pct,guarded_pnl,unguarded_pnl,blocked_loss
0,2.763443,2.813443,-15167.880948
0.05,1.588443,1.613443,-15167.880948
0.1,0.413443,0.413443,-15167.880948
0.25,-3.111557,-3.186557,-15167.880948
0.5,-8.986557,-9.186557,-15167.880948
1,-20.736557,-21.186557,-15167.880948
