cost_pct,guarded_pnl,unguarded_pnl,blocked_loss
0,2.672115,2.772115,-15139.430358
0.05,1.497115,1.547115,-15139.430358
0.1,0.322115,0.322115,-15139.430358
0.25,-3.202885,-3.352885,-15139.430358
0.5,-9.077885,-9.477885,-15139.430358
1,-20.827885,-21.727885,-15139.430358
